Date,Company,Adj Close
31-05-2016,GM,26.410284
01-06-2016,GM,25.51531
02-06-2016,GM,25.54908
03-06-2016,GM,24.991831
06-06-2016,GM,25.321117
07-06-2016,GM,25.523752
08-06-2016,GM,25.284334
09-06-2016,GM,25.104774
10-06-2016,GM,24.848249
13-06-2016,GM,24.865353
14-06-2016,GM,24.651583
15-06-2016,GM,24.67724
16-06-2016,GM,24.814049
17-06-2016,GM,24.993614
20-06-2016,GM,25.352737
21-06-2016,GM,25.23303
22-06-2016,GM,25.070572
23-06-2016,GM,25.4981
24-06-2016,GM,24.241152
27-06-2016,GM,23.522894
28-06-2016,GM,23.719561
29-06-2016,GM,24.08724
30-06-2016,GM,24.198397
01-07-2016,GM,24.702888
05-07-2016,GM,24.08724
06-07-2016,GM,24.283905
07-07-2016,GM,24.574627
08-07-2016,GM,25.361292
11-07-2016,GM,25.763174
12-07-2016,GM,26.165058
13-07-2016,GM,26.190704
14-07-2016,GM,26.301867
15-07-2016,GM,26.310419
18-07-2016,GM,26.395922
19-07-2016,GM,26.720844
20-07-2016,GM,26.926064
21-07-2016,GM,27.3878
22-07-2016,GM,27.498957
25-07-2016,GM,27.413452
26-07-2016,GM,27.49041
27-07-2016,GM,27.37925
28-07-2016,GM,26.498533
29-07-2016,GM,26.968822
01-08-2016,GM,26.763597
02-08-2016,GM,25.592161
03-08-2016,GM,25.857229
04-08-2016,GM,25.942734
05-08-2016,GM,26.336069
08-08-2016,GM,26.404476
09-08-2016,GM,26.566935
10-08-2016,GM,26.720844
11-08-2016,GM,27.148378
12-08-2016,GM,26.994471
15-08-2016,GM,27.242435
16-08-2016,GM,27.11418
17-08-2016,GM,27.233887
18-08-2016,GM,26.977365
19-08-2016,GM,27.216787
22-08-2016,GM,27.250992
23-08-2016,GM,27.27664
24-08-2016,GM,27.174034
25-08-2016,GM,26.968822
26-08-2016,GM,26.960268
29-08-2016,GM,27.199686
30-08-2016,GM,27.079975
31-08-2016,GM,27.293745
01-09-2016,GM,27.191137
02-09-2016,GM,27.498957
06-09-2016,GM,27.464752
07-09-2016,GM,27.594551
08-09-2016,GM,27.438795
09-09-2016,GM,26.37447
12-09-2016,GM,26.980186
13-09-2016,GM,26.772511
14-09-2016,GM,26.57349
15-09-2016,GM,26.92827
16-09-2016,GM,26.798471
19-09-2016,GM,27.447451
20-09-2016,GM,27.386877
21-09-2016,GM,27.784922
22-09-2016,GM,28.027208
23-09-2016,GM,27.793571
26-09-2016,GM,27.516674
27-09-2016,GM,27.343615
28-09-2016,GM,27.603205
29-09-2016,GM,27.23978
30-09-2016,GM,27.490713
03-10-2016,GM,27.72435
04-10-2016,GM,27.836836
05-10-2016,GM,28.278143
06-10-2016,GM,28.148346
07-10-2016,GM,27.98394
10-10-2016,GM,27.819534
11-10-2016,GM,27.594551
12-10-2016,GM,27.412836
13-10-2016,GM,27.265734
14-10-2016,GM,27.577246
17-10-2016,GM,27.309
18-10-2016,GM,27.170553
19-10-2016,GM,27.559937
20-10-2016,GM,27.473408
21-10-2016,GM,27.72435
24-10-2016,GM,28.537735
25-10-2016,GM,27.343615
26-10-2016,GM,27.326305
27-10-2016,GM,27.109983
28-10-2016,GM,27.101328
31-10-2016,GM,27.343615
01-11-2016,GM,27.23978
02-11-2016,GM,27.213818
03-11-2016,GM,26.885
04-11-2016,GM,26.962877
07-11-2016,GM,27.707039
08-11-2016,GM,27.456102
09-11-2016,GM,26.789816
10-11-2016,GM,28.321407
11-11-2016,GM,29.437649
14-11-2016,GM,28.797323
15-11-2016,GM,28.927122
16-11-2016,GM,28.754061
17-11-2016,GM,28.918461
18-11-2016,GM,28.555038
21-11-2016,GM,28.563688
22-11-2016,GM,29.255941
23-11-2016,GM,29.299198
25-11-2016,GM,29.636667
28-11-2016,GM,29.46361
29-11-2016,GM,29.91357
30-11-2016,GM,29.878952
01-12-2016,GM,31.523035
02-12-2016,GM,30.640423
05-12-2016,GM,30.561695
06-12-2016,GM,30.675409
07-12-2016,GM,31.751287
08-12-2016,GM,31.856243
09-12-2016,GM,32.940857
12-12-2016,GM,32.451038
13-12-2016,GM,32.678455
14-12-2016,GM,31.445141
15-12-2016,GM,31.698797
16-12-2016,GM,31.812511
19-12-2016,GM,31.838749
20-12-2016,GM,32.022434
21-12-2016,GM,31.856243
22-12-2016,GM,31.217722
23-12-2016,GM,31.217722
27-12-2016,GM,31.086515
28-12-2016,GM,30.74539
29-12-2016,GM,30.736641
30-12-2016,GM,30.474236
03-01-2017,GM,30.74539
04-01-2017,GM,32.442291
05-01-2017,GM,31.830006
06-01-2017,GM,31.480127
09-01-2017,GM,31.497618
10-01-2017,GM,32.669716
11-01-2017,GM,33.194527
12-01-2017,GM,32.809658
13-01-2017,GM,32.660957
17-01-2017,GM,32.63472
18-01-2017,GM,32.774666
19-01-2017,GM,32.625973
20-01-2017,GM,32.372311
23-01-2017,GM,32.057426
24-01-2017,GM,32.36356
25-01-2017,GM,33.483166
26-01-2017,GM,32.818405
27-01-2017,GM,32.372311
30-01-2017,GM,31.777525
31-01-2017,GM,32.022434
01-02-2017,GM,31.611332
02-02-2017,GM,31.25271
03-02-2017,GM,31.777525
06-02-2017,GM,32.214863
07-02-2017,GM,30.701658
08-02-2017,GM,30.736641
09-02-2017,GM,30.684164
10-02-2017,GM,30.762878
13-02-2017,GM,31.069021
14-02-2017,GM,32.57349
15-02-2017,GM,32.43354
16-02-2017,GM,32.389809
17-02-2017,GM,32.556004
21-02-2017,GM,33.072063
22-02-2017,GM,33.098305
23-02-2017,GM,32.58223
24-02-2017,GM,32.2761
27-02-2017,GM,32.599728
28-02-2017,GM,32.223614
01-03-2017,GM,32.739685
02-03-2017,GM,33.02832
03-03-2017,GM,33.43943
06-03-2017,GM,33.159534
07-03-2017,GM,32.818405
08-03-2017,GM,32.933273
09-03-2017,GM,32.544476
10-03-2017,GM,32.544476
13-03-2017,GM,32.579823
14-03-2017,GM,32.659348
15-03-2017,GM,32.774231
16-03-2017,GM,32.765388
17-03-2017,GM,32.102654
20-03-2017,GM,31.5548
21-03-2017,GM,30.529774
22-03-2017,GM,30.388397
23-03-2017,GM,30.27352
24-03-2017,GM,30.538612
27-03-2017,GM,30.671152
28-03-2017,GM,31.422255
29-03-2017,GM,31.404575
30-03-2017,GM,31.289705
31-03-2017,GM,31.245525
03-04-2017,GM,30.193991
04-04-2017,GM,30.282351
05-04-2017,GM,30.04377
06-04-2017,GM,30.185162
07-04-2017,GM,29.787519
10-04-2017,GM,30.017262
11-04-2017,GM,29.973083
12-04-2017,GM,29.990757
13-04-2017,GM,29.504753
17-04-2017,GM,29.955408
18-04-2017,GM,29.76984
19-04-2017,GM,29.85821
20-04-2017,GM,30.132137
21-04-2017,GM,29.822861
24-04-2017,GM,29.964249
25-04-2017,GM,30.034939
26-04-2017,GM,30.379553
27-04-2017,GM,30.520939
28-04-2017,GM,30.609301
01-05-2017,GM,30.220505
02-05-2017,GM,29.336859
03-05-2017,GM,29.584284
04-05-2017,GM,29.292679
05-05-2017,GM,29.84054
08-05-2017,GM,30.017262
09-05-2017,GM,30.27352
10-05-2017,GM,30.247009
11-05-2017,GM,30.140976
12-05-2017,GM,29.707991
15-05-2017,GM,29.884718
16-05-2017,GM,29.531263
17-05-2017,GM,28.647619
18-05-2017,GM,28.691801
19-05-2017,GM,28.91272
22-05-2017,GM,29.089439
23-05-2017,GM,29.354536
24-05-2017,GM,29.336859
25-05-2017,GM,28.806675
26-05-2017,GM,29.221983
30-05-2017,GM,29.628456
31-05-2017,GM,29.981922
01-06-2017,GM,30.423738
02-06-2017,GM,30.441416
05-06-2017,GM,30.450253
06-06-2017,GM,30.423738
07-06-2017,GM,30.68285
08-06-2017,GM,30.477352
09-06-2017,GM,30.68285
12-06-2017,GM,30.986645
13-06-2017,GM,30.834745
14-06-2017,GM,30.924099
15-06-2017,GM,30.915167
16-06-2017,GM,30.63818
19-06-2017,GM,30.69179
20-06-2017,GM,30.736465
21-06-2017,GM,30.495224
22-06-2017,GM,30.548832
23-06-2017,GM,30.557766
26-06-2017,GM,30.843683
27-06-2017,GM,30.566696
28-06-2017,GM,30.897295
29-06-2017,GM,31.14747
30-06-2017,GM,31.210016
03-07-2017,GM,31.781864
05-07-2017,GM,31.281502
06-07-2017,GM,31.156412
07-07-2017,GM,31.218958
10-07-2017,GM,31.442327
11-07-2017,GM,31.629969
12-07-2017,GM,31.719315
13-07-2017,GM,32.040977
14-07-2017,GM,32.478794
17-07-2017,GM,32.5056
18-07-2017,GM,32.550262
19-07-2017,GM,32.586014
20-07-2017,GM,32.532402
21-07-2017,GM,32.228607
24-07-2017,GM,32.005234
25-07-2017,GM,31.781864
26-07-2017,GM,31.826538
27-07-2017,GM,32.112453
28-07-2017,GM,31.960562
31-07-2017,GM,32.148197
01-08-2017,GM,31.058119
02-08-2017,GM,31.111736
03-08-2017,GM,31.067057
04-08-2017,GM,31.513815
07-08-2017,GM,31.540609
08-08-2017,GM,31.621029
09-08-2017,GM,31.522741
10-08-2017,GM,31.16535
11-08-2017,GM,31.210016
14-08-2017,GM,31.692511
15-08-2017,GM,31.755053
16-08-2017,GM,31.94269
17-08-2017,GM,31.272558
18-08-2017,GM,31.120665
21-08-2017,GM,31.19215
22-08-2017,GM,31.540609
23-08-2017,GM,31.710386
24-08-2017,GM,31.737188
25-08-2017,GM,31.808662
28-08-2017,GM,31.728241
29-08-2017,GM,31.737188
30-08-2017,GM,32.005234
31-08-2017,GM,32.648556
01-09-2017,GM,33.381229
05-09-2017,GM,33.265076
06-09-2017,GM,33.658211
07-09-2017,GM,33.315228
08-09-2017,GM,33.396461
11-09-2017,GM,33.712364
12-09-2017,GM,34.199776
13-09-2017,GM,34.488609
14-09-2017,GM,35.012127
15-09-2017,GM,35.093361
18-09-2017,GM,34.8316
19-09-2017,GM,34.930889
20-09-2017,GM,35.093361
21-09-2017,GM,35.291939
22-09-2017,GM,35.580761
25-09-2017,GM,36.375061
26-09-2017,GM,36.338951
27-09-2017,GM,36.627792
28-09-2017,GM,36.627792
29-09-2017,GM,36.447269
02-10-2017,GM,38.044888
03-10-2017,GM,39.218273
04-10-2017,GM,39.516136
05-10-2017,GM,39.579311
06-10-2017,GM,40.554131
09-10-2017,GM,40.915176
10-10-2017,GM,40.806862
11-10-2017,GM,41.041538
12-10-2017,GM,40.518021
13-10-2017,GM,41.41161
16-10-2017,GM,41.303291
17-10-2017,GM,40.635368
18-10-2017,GM,40.725624
19-10-2017,GM,40.933224
20-10-2017,GM,41.167904
23-10-2017,GM,40.752708
24-10-2017,GM,41.953167
25-10-2017,GM,40.725624
26-10-2017,GM,40.842964
27-10-2017,GM,40.29237
30-10-2017,GM,39.146061
31-10-2017,GM,38.794048
01-11-2017,GM,38.92944
02-11-2017,GM,38.451054
03-11-2017,GM,38.216377
06-11-2017,GM,38.035854
07-11-2017,GM,37.638714
08-11-2017,GM,38.008778
09-11-2017,GM,38.008778
10-11-2017,GM,38.505207
13-11-2017,GM,39.326584
14-11-2017,GM,38.812103
15-11-2017,GM,38.685734
16-11-2017,GM,39.353661
17-11-2017,GM,39.606396
20-11-2017,GM,40.508999
21-11-2017,GM,40.590233
22-11-2017,GM,39.976463
24-11-2017,GM,40.129906
27-11-2017,GM,39.868149
28-11-2017,GM,40.545101
29-11-2017,GM,39.543209
30-11-2017,GM,38.893333
01-12-2017,GM,38.622547
04-12-2017,GM,38.857227
05-12-2017,GM,38.631577
06-12-2017,GM,38.044888
07-12-2017,GM,38.272587
08-12-2017,GM,38.272587
11-12-2017,GM,37.9538
12-12-2017,GM,37.826283
13-12-2017,GM,37.707878
14-12-2017,GM,37.170498
15-12-2017,GM,37.298019
18-12-2017,GM,38.390999
19-12-2017,GM,38.700676
20-12-2017,GM,38.728004
21-12-2017,GM,38.400105
22-12-2017,GM,38.272587
26-12-2017,GM,38.072212
27-12-2017,GM,37.625912
28-12-2017,GM,37.689667
29-12-2017,GM,37.33445
02-01-2018,GM,38.072212
03-01-2018,GM,39.001244
04-01-2018,GM,40.203526
05-01-2018,GM,40.085114
08-01-2018,GM,40.27639
09-01-2018,GM,40.121544
10-01-2018,GM,39.165192
11-01-2018,GM,40.249065
12-01-2018,GM,40.139767
16-01-2018,GM,40.249065
17-01-2018,GM,40.103336
18-01-2018,GM,39.948494
19-01-2018,GM,39.301815
22-01-2018,GM,39.429329
23-01-2018,GM,39.511299
24-01-2018,GM,40.221741
25-01-2018,GM,39.310921
26-01-2018,GM,39.611496
29-01-2018,GM,39.183407
30-01-2018,GM,38.891941
31-01-2018,GM,38.627808
01-02-2018,GM,38.646023
02-02-2018,GM,37.343552
05-02-2018,GM,36.013763
06-02-2018,GM,38.126858
07-02-2018,GM,38.609589
08-02-2018,GM,37.115849
09-02-2018,GM,37.762527
12-02-2018,GM,38.254375
13-02-2018,GM,37.707878
14-02-2018,GM,38.081322
15-02-2018,GM,38.117744
16-02-2018,GM,37.425522
20-02-2018,GM,37.134071
21-02-2018,GM,36.942799
22-02-2018,GM,37.261574
23-02-2018,GM,37.261574
26-02-2018,GM,37.8354
27-02-2018,GM,36.587574
28-02-2018,GM,35.840702
01-03-2018,GM,34.419827
02-03-2018,GM,34.09193
05-03-2018,GM,34.374287
06-03-2018,GM,34.547344
07-03-2018,GM,34.374287
08-03-2018,GM,34.815926
09-03-2018,GM,34.815926
12-03-2018,GM,34.806732
13-03-2018,GM,34.972336
14-03-2018,GM,34.67791
15-03-2018,GM,34.82513
16-03-2018,GM,34.907928
19-03-2018,GM,34.052254
20-03-2018,GM,33.941849
21-03-2018,GM,34.576706
22-03-2018,GM,33.445004
23-03-2018,GM,32.359303
26-03-2018,GM,33.11377
27-03-2018,GM,32.083282
28-03-2018,GM,32.63533
29-03-2018,GM,33.435806
02-04-2018,GM,32.902153
03-04-2018,GM,33.98785
04-04-2018,GM,34.990742
05-04-2018,GM,34.963139
06-04-2018,GM,34.668713
09-04-2018,GM,34.806732
10-04-2018,GM,35.947628
11-04-2018,GM,35.883221
12-04-2018,GM,35.726807
13-04-2018,GM,35.634796
16-04-2018,GM,36.039635
17-04-2018,GM,36.085644
18-04-2018,GM,35.81881
19-04-2018,GM,34.751522
20-04-2018,GM,34.604309
23-04-2018,GM,34.67791
24-04-2018,GM,34.898735
25-04-2018,GM,35.064354
26-04-2018,GM,35.193161
27-04-2018,GM,34.641113
30-04-2018,GM,33.803837
01-05-2018,GM,33.509411
02-05-2018,GM,33.306995
03-05-2018,GM,33.26099
04-05-2018,GM,33.776226
07-05-2018,GM,33.435806
08-05-2018,GM,33.426601
09-05-2018,GM,33.371399
10-05-2018,GM,34.190273
11-05-2018,GM,33.941849
14-05-2018,GM,33.702629
15-05-2018,GM,33.98785
16-05-2018,GM,34.990742
17-05-2018,GM,35.239166
18-05-2018,GM,34.76992
21-05-2018,GM,35.045956
22-05-2018,GM,35.22076
23-05-2018,GM,34.82513
24-05-2018,GM,35.321972
25-05-2018,GM,35.239166
29-05-2018,GM,34.392693
30-05-2018,GM,34.806732
31-05-2018,GM,39.287521
01-06-2018,GM,39.74757
04-06-2018,GM,40.281219
05-06-2018,GM,39.940784
06-06-2018,GM,40.419224
07-06-2018,GM,40.846157
08-06-2018,GM,41.068909
11-06-2018,GM,41.625774
12-06-2018,GM,41.003941
13-06-2018,GM,41.254528
14-06-2018,GM,40.43779
15-06-2018,GM,40.753349
18-06-2018,GM,40.790478
19-06-2018,GM,39.221966
20-06-2018,GM,38.934254
21-06-2018,GM,38.163921
22-06-2018,GM,38.284573
25-06-2018,GM,37.690582
26-06-2018,GM,38.061829
27-06-2018,GM,37.467834
28-06-2018,GM,37.607052
29-06-2018,GM,36.567577
02-07-2018,GM,36.660381
03-07-2018,GM,36.168484
05-07-2018,GM,36.632538
06-07-2018,GM,36.344818
09-07-2018,GM,36.89241
10-07-2018,GM,37.20797
11-07-2018,GM,36.474751
12-07-2018,GM,36.446915
13-07-2018,GM,36.530441
16-07-2018,GM,36.716072
17-07-2018,GM,37.152275
18-07-2018,GM,37.00378
19-07-2018,GM,36.484043
20-07-2018,GM,36.567577
23-07-2018,GM,36.446915
24-07-2018,GM,36.641815
25-07-2018,GM,34.943378
26-07-2018,GM,34.10807
27-07-2018,GM,34.832001
30-07-2018,GM,34.961933
31-07-2018,GM,35.184685
01-08-2018,GM,34.470036
02-08-2018,GM,33.987419
03-08-2018,GM,35.017624
06-08-2018,GM,34.896969
07-08-2018,GM,34.878407
08-08-2018,GM,34.952652
09-08-2018,GM,34.813438
10-08-2018,GM,33.959576
13-08-2018,GM,33.56049
14-08-2018,GM,33.597614
15-08-2018,GM,33.356304
16-08-2018,GM,33.681141
17-08-2018,GM,33.764675
20-08-2018,GM,34.126637
21-08-2018,GM,34.256573
22-08-2018,GM,33.532646
23-08-2018,GM,33.105713
24-08-2018,GM,33.365585
27-08-2018,GM,34.980503
28-08-2018,GM,34.637096
29-08-2018,GM,34.451477
30-08-2018,GM,33.746113
31-08-2018,GM,33.458393
04-09-2018,GM,33.040745
05-09-2018,GM,32.753033
06-09-2018,GM,32.255783
07-09-2018,GM,31.814821
10-09-2018,GM,31.777292
11-09-2018,GM,31.683474
12-09-2018,GM,31.955553
13-09-2018,GM,32.133812
14-09-2018,GM,32.490337
17-09-2018,GM,32.856239
18-09-2018,GM,32.931293
19-09-2018,GM,33.522366
20-09-2018,GM,33.850746
21-09-2018,GM,33.137703
24-09-2018,GM,32.602917
25-09-2018,GM,31.477062
26-09-2018,GM,31.645945
27-09-2018,GM,31.589645
28-09-2018,GM,31.589645
01-10-2018,GM,32.086903
02-10-2018,GM,31.242508
03-10-2018,GM,31.89926
04-10-2018,GM,32.133812
05-10-2018,GM,32.011845
08-10-2018,GM,32.133812
09-10-2018,GM,30.632673
10-10-2018,GM,30.58576
11-10-2018,GM,30.313681
12-10-2018,GM,29.825809
15-10-2018,GM,30.135416
16-10-2018,GM,30.341825
17-10-2018,GM,29.957159
18-10-2018,GM,29.159676
19-10-2018,GM,29.272261
22-10-2018,GM,29.403612
23-10-2018,GM,30.135416
24-10-2018,GM,28.671804
25-10-2018,GM,30.022833
26-10-2018,GM,30.632673
29-10-2018,GM,31.083014
30-10-2018,GM,31.467682
31-10-2018,GM,34.329227
01-11-2018,GM,34.216648
02-11-2018,GM,33.803833
05-11-2018,GM,34.010242
06-11-2018,GM,34.207264
07-11-2018,GM,34.601311
08-11-2018,GM,34.310467
09-11-2018,GM,33.494221
12-11-2018,GM,33.484837
13-11-2018,GM,33.710018
14-11-2018,GM,33.053261
15-11-2018,GM,33.353493
16-11-2018,GM,33.541134
19-11-2018,GM,33.475456
20-11-2018,GM,32.921909
21-11-2018,GM,33.353493
23-11-2018,GM,33.710018
26-11-2018,GM,35.323738
27-11-2018,GM,34.423054
28-11-2018,GM,34.666992
29-11-2018,GM,34.488728
30-11-2018,GM,35.605202
03-12-2018,GM,36.07431
04-12-2018,GM,34.263557
06-12-2018,GM,33.846405
07-12-2018,GM,32.888844
10-12-2018,GM,32.632858
11-12-2018,GM,32.888844
12-12-2018,GM,33.827442
13-12-2018,GM,33.287033
14-12-2018,GM,33.277554
17-12-2018,GM,32.860401
18-12-2018,GM,33.087936
19-12-2018,GM,33.116386
20-12-2018,GM,32.49065
21-12-2018,GM,31.267626
24-12-2018,GM,30.689297
26-12-2018,GM,31.779591
27-12-2018,GM,32.196747
28-12-2018,GM,32.158821
31-12-2018,GM,31.713224
02-01-2019,GM,31.89336
03-01-2019,GM,30.575533
04-01-2019,GM,31.599455
07-01-2019,GM,32.575977
08-01-2019,GM,33.002617
09-01-2019,GM,33.353401
10-01-2019,GM,32.926765
11-01-2019,GM,35.249557
14-01-2019,GM,35.704636
15-01-2019,GM,35.600349
16-01-2019,GM,35.714115
17-01-2019,GM,36.273479
18-01-2019,GM,36.605312
22-01-2019,GM,36.169197
23-01-2019,GM,35.714115
24-01-2019,GM,36.178677
25-01-2019,GM,36.633751
28-01-2019,GM,36.463097
29-01-2019,GM,36.47258
30-01-2019,GM,37.060394
31-01-2019,GM,36.994022
01-02-2019,GM,36.766479
04-02-2019,GM,36.908699
05-02-2019,GM,37.259487
06-02-2019,GM,37.837807
07-02-2019,GM,36.643238
08-02-2019,GM,36.690636
11-02-2019,GM,36.624275
12-02-2019,GM,37.003498
13-02-2019,GM,36.97506
14-02-2019,GM,36.870773
15-02-2019,GM,37.060394
19-02-2019,GM,37.477543
20-02-2019,GM,37.875732
21-02-2019,GM,37.56287
22-02-2019,GM,37.913658
25-02-2019,GM,38.05587
26-02-2019,GM,38.027428
27-02-2019,GM,37.923141
28-02-2019,GM,37.430138
01-03-2019,GM,37.477543
04-03-2019,GM,37.212078
05-03-2019,GM,37.240524
06-03-2019,GM,36.662193
07-03-2019,GM,36.422825
08-03-2019,GM,36.37495
11-03-2019,GM,36.978168
12-03-2019,GM,36.978168
13-03-2019,GM,37.150509
14-03-2019,GM,36.413246
15-03-2019,GM,36.451546
18-03-2019,GM,36.365376
19-03-2019,GM,36.643047
20-03-2019,GM,35.427036
21-03-2019,GM,35.762154
22-03-2019,GM,34.890846
25-03-2019,GM,35.18766
26-03-2019,GM,35.302563
27-03-2019,GM,35.053616
28-03-2019,GM,35.484489
29-03-2019,GM,35.522785
01-04-2019,GM,36.154728
02-04-2019,GM,36.202602
03-04-2019,GM,36.757942
04-04-2019,GM,37.140938
05-04-2019,GM,37.284561
08-04-2019,GM,37.399464
09-04-2019,GM,37.207966
10-04-2019,GM,37.581383
11-04-2019,GM,37.657982
12-04-2019,GM,38.021824
15-04-2019,GM,37.887779
16-04-2019,GM,37.973953
17-04-2019,GM,38.289925
18-04-2019,GM,38.586742
22-04-2019,GM,37.820755
23-04-2019,GM,38.13673
24-04-2019,GM,38.031403
25-04-2019,GM,37.447334
26-04-2019,GM,37.993107
29-04-2019,GM,38.309067
30-04-2019,GM,37.29414
01-05-2019,GM,37.102634
02-05-2019,GM,36.623894
03-05-2019,GM,37.150509
06-05-2019,GM,36.470695
07-05-2019,GM,36.891991
08-05-2019,GM,36.585594
09-05-2019,GM,35.98238
10-05-2019,GM,36.279202
13-05-2019,GM,35.005741
14-05-2019,GM,35.465336
15-05-2019,GM,35.781303
16-05-2019,GM,35.790882
17-05-2019,GM,35.427036
20-05-2019,GM,35.398315
21-05-2019,GM,35.55151
22-05-2019,GM,34.038681
23-05-2019,GM,33.636536
24-05-2019,GM,33.626961
28-05-2019,GM,33.368435
29-05-2019,GM,33.310989
30-05-2019,GM,33.339718
31-05-2019,GM,31.922632
03-06-2019,GM,32.267326
04-06-2019,GM,34.211025
05-06-2019,GM,34.316353
06-06-2019,GM,34.055058
07-06-2019,GM,34.345383
10-06-2019,GM,34.84861
11-06-2019,GM,35.032486
12-06-2019,GM,34.519577
13-06-2019,GM,34.858288
14-06-2019,GM,34.509899
17-06-2019,GM,34.974415
18-06-2019,GM,35.516357
19-06-2019,GM,35.593781
20-06-2019,GM,35.767975
21-06-2019,GM,35.729259
24-06-2019,GM,35.767975
25-06-2019,GM,36.464748
26-06-2019,GM,36.900238
27-06-2019,GM,37.08411
28-06-2019,GM,37.287334
01-07-2019,GM,37.50024
02-07-2019,GM,37.103466
03-07-2019,GM,36.929272
05-07-2019,GM,37.258308
08-07-2019,GM,36.997013
09-07-2019,GM,36.851849
10-07-2019,GM,36.871208
11-07-2019,GM,37.190559
12-07-2019,GM,37.945404
15-07-2019,GM,38.090569
16-07-2019,GM,38.158314
17-07-2019,GM,37.897018
18-07-2019,GM,37.858307
19-07-2019,GM,38.206699
22-07-2019,GM,38.57444
23-07-2019,GM,39.397026
24-07-2019,GM,39.561546
25-07-2019,GM,39.435738
26-07-2019,GM,39.455093
29-07-2019,GM,39.367996
30-07-2019,GM,39.126057
31-07-2019,GM,39.03896
01-08-2019,GM,38.855087
02-08-2019,GM,38.497021
05-08-2019,GM,37.75185
06-08-2019,GM,37.819603
07-08-2019,GM,38.119598
08-08-2019,GM,38.806702
09-08-2019,GM,38.332504
12-08-2019,GM,37.606697
13-08-2019,GM,37.75185
14-08-2019,GM,35.990555
15-08-2019,GM,35.293777
16-08-2019,GM,35.806683
19-08-2019,GM,36.155075
20-08-2019,GM,35.767975
21-08-2019,GM,35.922806
22-08-2019,GM,36.058296
23-08-2019,GM,34.896999
26-08-2019,GM,35.080872
27-08-2019,GM,34.732479
28-08-2019,GM,35.264744
29-08-2019,GM,35.719585
30-08-2019,GM,35.89378
03-09-2019,GM,35.719585
04-09-2019,GM,37.006691
05-09-2019,GM,37.857082
06-09-2019,GM,37.905952
09-09-2019,GM,38.687923
10-09-2019,GM,38.687923
11-09-2019,GM,38.570625
12-09-2019,GM,38.189419
13-09-2019,GM,37.98415
16-09-2019,GM,36.371338
17-09-2019,GM,37.426998
18-09-2019,GM,37.319477
19-09-2019,GM,36.92849
20-09-2019,GM,36.527733
23-09-2019,GM,36.400665
24-09-2019,GM,35.941254
25-09-2019,GM,36.273594
26-09-2019,GM,36.762325
27-09-2019,GM,36.576607
30-09-2019,GM,36.635254
01-10-2019,GM,35.296131
02-10-2019,GM,33.898361
03-10-2019,GM,34.191601
04-10-2019,GM,34.123177
07-10-2019,GM,33.966785
08-10-2019,GM,33.116394
09-10-2019,GM,33.370529
10-10-2019,GM,33.878811
11-10-2019,GM,34.768299
14-10-2019,GM,34.699879
15-10-2019,GM,35.442749
16-10-2019,GM,35.823963
17-10-2019,GM,35.374325
18-10-2019,GM,35.354778
21-10-2019,GM,35.12019
22-10-2019,GM,35.491623
23-10-2019,GM,35.784866
24-10-2019,GM,35.012669
25-10-2019,GM,35.911934
28-10-2019,GM,35.814186
29-10-2019,GM,37.348797
30-10-2019,GM,37.055561
31-10-2019,GM,36.322464
01-11-2019,GM,37.114208
04-11-2019,GM,37.524746
05-11-2019,GM,37.368351
06-11-2019,GM,37.554066
07-11-2019,GM,37.62249
08-11-2019,GM,37.798431
11-11-2019,GM,37.847305
12-11-2019,GM,37.720234
13-11-2019,GM,36.351791
14-11-2019,GM,35.970581
15-11-2019,GM,36.058548
18-11-2019,GM,35.794636
19-11-2019,GM,35.560051
20-11-2019,GM,34.484837
21-11-2019,GM,33.888588
22-11-2019,GM,34.533714
25-11-2019,GM,35.002895
26-11-2019,GM,35.100639
27-11-2019,GM,35.325455
29-11-2019,GM,35.18861
02-12-2019,GM,35.071316
03-12-2019,GM,34.729202
04-12-2019,GM,34.993114
05-12-2019,GM,34.884445
06-12-2019,GM,35.111671
09-12-2019,GM,34.953602
10-12-2019,GM,34.686855
11-12-2019,GM,34.815289
12-12-2019,GM,35.664921
13-12-2019,GM,35.220348
16-12-2019,GM,35.674805
17-12-2019,GM,35.872395
18-12-2019,GM,36.86034
19-12-2019,GM,36.81094
20-12-2019,GM,36.801064
23-12-2019,GM,36.326847
24-12-2019,GM,36.139141
26-12-2019,GM,36.040344
27-12-2019,GM,36.119381
30-12-2019,GM,36.000824
31-12-2019,GM,36.158894
02-01-2020,GM,36.929497
03-01-2020,GM,35.882271
06-01-2020,GM,35.408058
07-01-2020,GM,34.726376
08-01-2020,GM,34.232399
09-01-2020,GM,34.657219
10-01-2020,GM,34.232399
13-01-2020,GM,34.558422
14-01-2020,GM,34.726376
15-01-2020,GM,34.726376
16-01-2020,GM,35.121552
17-01-2020,GM,35.170948
21-01-2020,GM,34.568302
22-01-2020,GM,34.489265
23-01-2020,GM,34.459629
24-01-2020,GM,33.896496
27-01-2020,GM,33.007343
28-01-2020,GM,33.23457
29-01-2020,GM,33.195053
30-01-2020,GM,32.92831
31-01-2020,GM,32.987583
03-02-2020,GM,33.313606
04-02-2020,GM,33.955772
05-02-2020,GM,34.607819
06-02-2020,GM,33.916256
07-02-2020,GM,33.224693
10-02-2020,GM,33.837219
11-02-2020,GM,34.588058
12-02-2020,GM,35.062275
13-02-2020,GM,34.864685
14-02-2020,GM,34.341072
18-02-2020,GM,33.995289
19-02-2020,GM,34.499142
20-02-2020,GM,34.864685
21-02-2020,GM,34.232399
24-02-2020,GM,32.6912
25-02-2020,GM,31.36735
26-02-2020,GM,31.614336
27-02-2020,GM,30.339882
28-02-2020,GM,30.132414
02-03-2020,GM,31.041327
03-03-2020,GM,30.152174
04-03-2020,GM,31.150002
05-03-2020,GM,30.1
06-03-2020,GM,28.690001
09-03-2020,GM,24.690001
10-03-2020,GM,27.120001
11-03-2020,GM,26
12-03-2020,GM,23.040001
13-03-2020,GM,24.709999
16-03-2020,GM,21
17-03-2020,GM,20.32
18-03-2020,GM,16.799999
19-03-2020,GM,17.709999
20-03-2020,GM,18.139999
23-03-2020,GM,17.6
24-03-2020,GM,21.110001
25-03-2020,GM,21.49
26-03-2020,GM,22.559999
27-03-2020,GM,21.379999
30-03-2020,GM,21.32
31-03-2020,GM,20.780001
01-04-2020,GM,19.26
02-04-2020,GM,18.190001
03-04-2020,GM,18.040001
06-04-2020,GM,19.549999
07-04-2020,GM,21.299999
08-04-2020,GM,23.129999
09-04-2020,GM,24.059999
13-04-2020,GM,23.01
14-04-2020,GM,22.98
15-04-2020,GM,21.66
16-04-2020,GM,20.870001
17-04-2020,GM,22.48
20-04-2020,GM,22.379999
21-04-2020,GM,21.24
22-04-2020,GM,21.299999
23-04-2020,GM,21.52
24-04-2020,GM,21.950001
27-04-2020,GM,22.450001
28-04-2020,GM,22.18
29-04-2020,GM,23.780001
30-04-2020,GM,22.290001
01-05-2020,GM,20.9
04-05-2020,GM,20.75
05-05-2020,GM,21.26
06-05-2020,GM,21.889999
07-05-2020,GM,22.440001
08-05-2020,GM,23.93
11-05-2020,GM,22.799999
12-05-2020,GM,22.559999
13-05-2020,GM,21.459999
14-05-2020,GM,22.309999
15-05-2020,GM,22.629999
18-05-2020,GM,24.809999
19-05-2020,GM,24.690001
20-05-2020,GM,25.48
21-05-2020,GM,25.799999
22-05-2020,GM,25.98
26-05-2020,GM,27.4
27-05-2020,GM,27.790001
28-05-2020,GM,26.68
29-05-2020,GM,25.879999
01-06-2020,GM,26.940001
02-06-2020,GM,27.41
03-06-2020,GM,29.07
04-06-2020,GM,29.16
05-06-2020,GM,30.610001
08-06-2020,GM,30.68
09-06-2020,GM,29.860001
10-06-2020,GM,28.75
11-06-2020,GM,26.5
12-06-2020,GM,27.959999
15-06-2020,GM,27.77
16-06-2020,GM,27.780001
17-06-2020,GM,27.16
18-06-2020,GM,27.09
19-06-2020,GM,26.59
22-06-2020,GM,26.370001
23-06-2020,GM,26.25
24-06-2020,GM,25.280001
25-06-2020,GM,25.23
26-06-2020,GM,24.459999
29-06-2020,GM,25.299999
30-06-2020,GM,25.299999
01-07-2020,GM,24.959999
02-07-2020,GM,25.24
06-07-2020,GM,25.73
07-07-2020,GM,25.129999
08-07-2020,GM,24.940001
09-07-2020,GM,23.42
10-07-2020,GM,24.389999
13-07-2020,GM,24.860001
14-07-2020,GM,25.639999
15-07-2020,GM,26.879999
16-07-2020,GM,26.85
17-07-2020,GM,26.450001
20-07-2020,GM,26.01
21-07-2020,GM,26.15
22-07-2020,GM,26.299999
23-07-2020,GM,26.76
24-07-2020,GM,26.25
27-07-2020,GM,25.700001
28-07-2020,GM,26.33
29-07-2020,GM,25.889999
30-07-2020,GM,25.200001
31-07-2020,GM,24.889999
03-08-2020,GM,25.639999
04-08-2020,GM,25.799999
05-08-2020,GM,26.33
06-08-2020,GM,26.620001
07-08-2020,GM,26.719999
10-08-2020,GM,27.98
11-08-2020,GM,28.52
12-08-2020,GM,28.030001
13-08-2020,GM,27.549999
14-08-2020,GM,27.860001
17-08-2020,GM,30.01
18-08-2020,GM,29.84
19-08-2020,GM,29.219999
20-08-2020,GM,28.83
21-08-2020,GM,28.559999
24-08-2020,GM,30.309999
25-08-2020,GM,29.690001
26-08-2020,GM,29.48
27-08-2020,GM,29.690001
28-08-2020,GM,30.02
31-08-2020,GM,29.629999
01-09-2020,GM,29.790001
02-09-2020,GM,30.959999
03-09-2020,GM,29.48
04-09-2020,GM,30
08-09-2020,GM,32.380001
09-09-2020,GM,31.950001
10-09-2020,GM,30.17
11-09-2020,GM,30.459999
14-09-2020,GM,31.18
15-09-2020,GM,31.58
16-09-2020,GM,31.790001
17-09-2020,GM,31.92
18-09-2020,GM,31.5
21-09-2020,GM,30
22-09-2020,GM,29.440001
23-09-2020,GM,29.34
24-09-2020,GM,29.110001
25-09-2020,GM,29
28-09-2020,GM,29.440001
29-09-2020,GM,28.74
30-09-2020,GM,29.59
01-10-2020,GM,30.379999
02-10-2020,GM,30.459999
05-10-2020,GM,30.959999
06-10-2020,GM,30.4
07-10-2020,GM,31.620001
08-10-2020,GM,32.209999
09-10-2020,GM,32.16
12-10-2020,GM,32.209999
13-10-2020,GM,31.870001
14-10-2020,GM,31.67
15-10-2020,GM,32.59
16-10-2020,GM,33.450001
19-10-2020,GM,33.349998
20-10-2020,GM,35.599998
21-10-2020,GM,35.77
22-10-2020,GM,37.41
23-10-2020,GM,36.830002
26-10-2020,GM,35.82
27-10-2020,GM,34.889999
28-10-2020,GM,34.09
29-10-2020,GM,34.889999
30-10-2020,GM,34.529999
02-11-2020,GM,34.549999
03-11-2020,GM,35.349998
04-11-2020,GM,35.240002
05-11-2020,GM,37.139999
06-11-2020,GM,37.470001
09-11-2020,GM,38.959999
10-11-2020,GM,41.080002
11-11-2020,GM,40.560001
12-11-2020,GM,39.32
13-11-2020,GM,41.189999
16-11-2020,GM,42.130001
17-11-2020,GM,41.98
18-11-2020,GM,42.720001
19-11-2020,GM,42.82
20-11-2020,GM,43.040001
23-11-2020,GM,44.77
24-11-2020,GM,46.459999
25-11-2020,GM,45.459999
27-11-2020,GM,45.060001
30-11-2020,GM,43.84
01-12-2020,GM,44.68
02-12-2020,GM,44.580002
03-12-2020,GM,44.09
04-12-2020,GM,44.400002
07-12-2020,GM,44.310001
08-12-2020,GM,43.799999
09-12-2020,GM,44.43
10-12-2020,GM,42.869999
11-12-2020,GM,41.919998
14-12-2020,GM,41.619999
15-12-2020,GM,41.66
16-12-2020,GM,41.419998
17-12-2020,GM,42.029999
18-12-2020,GM,41.009998
21-12-2020,GM,41.209999
22-12-2020,GM,40.900002
23-12-2020,GM,42.450001
24-12-2020,GM,41.580002
28-12-2020,GM,41.66
29-12-2020,GM,41.57
30-12-2020,GM,41.84
31-12-2020,GM,41.639999
04-01-2021,GM,40.509998
05-01-2021,GM,41.66
06-01-2021,GM,42.98
07-01-2021,GM,43.32
08-01-2021,GM,43.060001
11-01-2021,GM,45.009998
12-01-2021,GM,47.82
13-01-2021,GM,48.73
14-01-2021,GM,51.529999
15-01-2021,GM,49.970001
19-01-2021,GM,54.84
20-01-2021,GM,55.860001
21-01-2021,GM,55.080002
22-01-2021,GM,55.400002
25-01-2021,GM,53.389999
26-01-2021,GM,52.040001
27-01-2021,GM,49.34
28-01-2021,GM,51.040001
29-01-2021,GM,50.68
01-02-2021,GM,51.509998
02-02-2021,GM,52.720001
03-02-2021,GM,54.25
04-02-2021,GM,54.130001
05-02-2021,GM,54.41
08-02-2021,GM,56.880001
09-02-2021,GM,56.060001
10-02-2021,GM,54.880001
11-02-2021,GM,53.5
12-02-2021,GM,53.599998
16-02-2021,GM,53.459999
17-02-2021,GM,52.889999
18-02-2021,GM,52.16
19-02-2021,GM,52.57
22-02-2021,GM,51.98
23-02-2021,GM,51.110001
24-02-2021,GM,52.900002
25-02-2021,GM,50.599998
26-02-2021,GM,51.330002
01-03-2021,GM,52.540001
02-03-2021,GM,54.110001
03-03-2021,GM,52.669998
04-03-2021,GM,51.830002
05-03-2021,GM,53.75
08-03-2021,GM,54.98
09-03-2021,GM,54.650002
10-03-2021,GM,56.830002
11-03-2021,GM,56.330002
12-03-2021,GM,59.259998
15-03-2021,GM,57.939999
16-03-2021,GM,57.119999
17-03-2021,GM,60.049999
18-03-2021,GM,59.27
19-03-2021,GM,59.82
22-03-2021,GM,58.099998
23-03-2021,GM,56.16
24-03-2021,GM,55.810001
25-03-2021,GM,56.599998
26-03-2021,GM,56.52
29-03-2021,GM,55.939999
30-03-2021,GM,58.509998
31-03-2021,GM,57.459999
01-04-2021,GM,57.799999
05-04-2021,GM,61.040001
06-04-2021,GM,61.939999
07-04-2021,GM,60.830002
08-04-2021,GM,60.09
09-04-2021,GM,60.16
12-04-2021,GM,59.66
13-04-2021,GM,58.490002
14-04-2021,GM,58.48
15-04-2021,GM,58.610001
16-04-2021,GM,58.709999
19-04-2021,GM,57.880001
20-04-2021,GM,55.77
21-04-2021,GM,57.490002
22-04-2021,GM,56.66
23-04-2021,GM,57.529999
26-04-2021,GM,58.209999
27-04-2021,GM,58.970001
28-04-2021,GM,58.549999
29-04-2021,GM,56.57
30-04-2021,GM,57.220001
03-05-2021,GM,57.150002
04-05-2021,GM,55.34
05-05-2021,GM,57.580002
06-05-2021,GM,58.720001
07-05-2021,GM,58.990002
10-05-2021,GM,57.41
11-05-2021,GM,55.73
12-05-2021,GM,53.759998
13-05-2021,GM,54.599998
14-05-2021,GM,56
17-05-2021,GM,56.040001
18-05-2021,GM,55.889999
19-05-2021,GM,55.529999
20-05-2021,GM,55.509998
21-05-2021,GM,56.720001
24-05-2021,GM,56.599998
25-05-2021,GM,56.759998
26-05-2021,GM,58.080002
27-05-2021,GM,59.77
28-05-2021,GM,59.310001
